{"cameraMode":{"drawMode":0,"name":"Shaded","section":"Shading Mode"},"sceneLighting":true,"audioPlay":false,"sceneViewState":{"showFog":false,"showMaterialUpdate":false,"showSkybox":false,"showFlares":false,"showImageEffects":false,"showParticleSystems":false},"in2DMode":false,"pivot":{"x":-0.8759718537330627,"y":1.0243020057678223,"z":8.971573829650879},"rotation":{"x":0.00216468027792871,"y":0.997645914554596,"z":-0.05723738670349121,"w":0.03773028776049614},"size":9.83210563659668,"orthographic":false}